policy,objective,overlap_threshold,delta_rel,runtime_s,joint_stages,joint_blocks,joint_stage_depth,joint_range_entries,joint_ternary_entries,joint_codeword_length,joint_register_depth,joint_register_count,joint_register_sram_bits,joint_range_depth,joint_ternary_depth,joint_range_tables,joint_ternary_tables,counterfactual_disjoint_stages,counterfactual_disjoint_blocks,counterfactual_disjoint_stage_depth,counterfactual_disjoint_range_entries,counterfactual_disjoint_ternary_entries,counterfactual_disjoint_codeword_length,counterfactual_disjoint_register_depth,counterfactual_disjoint_register_count,counterfactual_disjoint_register_sram_bits,counterfactual_disjoint_range_depth,counterfactual_disjoint_ternary_depth,counterfactual_disjoint_range_tables,counterfactual_disjoint_ternary_tables,blocks,stages,codeword_length,acc_app,f1_app,acc_ddos,f1_ddos,align_attempted,align_accepted,align_intervals_before,align_codeword_before,align_codeword_floor,align_rolled_back,align_key_bytes_before,align_key_bytes_floor,align_ternary_stages_before,align_stage_target,align_bits_to_reach,align_intervals_after,align_codeword_after,align_key_bytes_after,align_ternary_stages_after,align_spent_budget,source_arm,M,split,k
aligned,stages,0.5,0.2,0.039903879165649414,2,8,5,191,113,94,3,2,131072,4,5,2,2,2,7,5,240,113,68,3,2,131072,4,5,4,2,8,2,94,0.7365328109696376,0.7373854133040794,0.949,0.9489913795431427,14,4,102,100,68,True,14,9,1,,,96,94,12,1,False,joint-d020,25,10,2
aligned,stages,0.5,0.2,0.05721783638000488,4,25,7,416,219,176,4,6,393216,5,7,5,4,4,23,7,476,219,169,4,6,393216,5,7,10,4,25,4,176,0.7566111655239961,0.7578490943232825,0.9613333333333334,0.961323432131959,13,7,191,186,169,True,25,23,2,16.0,,181,176,24,2,False,joint-d020,25,10,5
aligned,stages,0.5,0.2,0.041826725006103516,4,21,7,433,163,128,4,11,720896,5,7,9,4,4,29,7,553,163,108,4,11,720896,6,7,18,4,21,4,128,0.691234084231146,0.687104441671516,0.9746666666666667,0.9746657546338335,18,12,156,147,112,False,23,18,2,16.0,,137,128,20,2,True,joint-d020,25,10,9
aligned,stages,0.5,0.2,0.034178972244262695,4,17,6,304,106,84,4,16,1048576,5,6,13,2,5,26,7,393,106,60,4,16,1048576,6,7,23,2,17,4,84,0.7375122428991185,0.7362788324492766,0.971,0.9709976508097155,20,12,113,100,67,False,19,14,1,,,97,84,17,1,True,joint-d020,25,10,13
aligned,stages,0.5,0.2,0.034193992614746094,4,21,6,245,69,59,4,20,1310720,5,6,17,2,5,28,7,294,69,40,4,20,1310720,6,7,26,2,21,4,59,0.7252693437806073,0.72581322745181,0.9496666666666667,0.949635188659579,12,6,82,65,50,False,17,17,1,,,76,59,17,1,False,joint-d020,25,10,17
aligned,stages,0.5,0.2,0.09539389610290527,2,10,5,317,187,155,3,2,131072,4,5,2,2,2,10,5,386,187,132,3,2,131072,4,5,4,2,10,2,155,0.7399608227228207,0.7405421436548434,0.947,0.9469869882507829,16,10,172,170,132,False,22,18,1,,,157,155,20,1,False,joint-d020,50,10,2
aligned,stages,0.5,0.2,0.0477299690246582,4,23,6,259,171,114,3,5,327680,4,6,5,6,3,22,5,352,171,71,3,5,327680,4,5,10,6,23,4,114,0.72820763956905,0.7305041120488633,0.9646666666666667,0.9646664154056207,18,18,140,135,77,False,19,11,2,10.0,,119,114,16,2,True,joint-d020,50,10,5
aligned,stages,0.5,0.2,0.14206790924072266,5,29,7,546,253,215,4,11,720896,5,7,9,4,5,31,7,631,253,171,4,11,720896,5,7,17,4,29,5,215,0.7600391772771793,0.7627701519708252,0.977,0.9769986480316454,31,2,228,219,177,False,30,25,2,16.0,,224,215,29,2,True,joint-d020,50,10,9
aligned,stages,0.5,0.2,0.07114005088806152,7,37,9,726,325,234,4,16,1048576,5,9,13,4,6,44,8,966,325,182,4,16,1048576,6,8,26,4,37,7,234,0.7548971596474046,0.754092577764369,0.9796666666666667,0.9796666463333131,35,35,291,278,191,False,42,29,4,32.0,32.0,247,234,36,4,True,joint-d020,50,10,13
aligned,stages,0.5,0.2,0.05285358428955078,7,41,9,803,310,243,4,20,1310720,5,9,17,4,7,50,9,1035,310,150,4,20,1310720,7,9,34,4,41,7,243,0.7463271302644466,0.7453243404307835,0.9783333333333334,0.9783288811223549,31,31,296,279,181,False,43,30,4,32.0,53.0,260,243,40,4,True,joint-d020,50,10,17
aligned,stages,0.5,0.2,0.11465668678283691,9,82,12,605,616,410,3,2,131072,4,12,2,8,5,45,8,713,616,300,3,2,131072,4,8,4,8,82,9,410,0.7487757100881489,0.7499834313931915,0.9523333333333334,0.9523195536843481,15,15,431,429,300,True,55,38,8,32.0,,412,410,52,8,False,joint-d020,100,10,2
aligned,stages,0.5,0.2,0.11831426620483398,8,53,10,631,428,310,3,5,327680,4,10,5,6,5,31,7,778,428,232,3,5,327680,4,7,10,6,53,8,310,0.7833006856023507,0.7842267472528579,0.9693333333333334,0.9693329925888066,26,23,347,342,232,True,45,31,6,32.0,86.0,315,310,41,6,False,joint-d020,100,10,5
aligned,stages,0.5,0.2,0.06270599365234375,9,57,11,851,427,324,4,12,786432,5,11,9,6,6,48,8,1038,427,268,4,12,786432,5,8,18,6,57,9,324,0.7700783545543585,0.7717313764135457,0.9763333333333334,0.976330469320121,29,29,367,358,270,False,49,37,6,32.0,,333,324,45,6,True,joint-d020,100,10,9
aligned,stages,0.5,0.2,0.06319618225097656,5,29,7,530,223,166,4,16,1048576,5,7,13,4,6,37,8,712,223,114,4,16,1048576,6,8,25,4,29,5,166,0.7179236043095005,0.7188011569269653,0.9746666666666667,0.974659627674354,27,27,211,198,125,False,32,21,2,16.0,,179,166,26,2,True,joint-d020,100,10,13
aligned,stages,0.5,0.2,0.06575155258178711,7,41,9,804,292,251,4,20,1310720,5,9,17,4,8,51,10,907,292,226,4,20,1310720,7,10,32,4,41,7,251,0.7144955925563173,0.715659602329393,0.98,0.9799977241855073,12,8,279,262,230,False,40,38,4,32.0,,268,251,40,4,True,joint-d020,100,10,17
aligned,stages,0.5,0.2,0.047170400619506836,3,18,6,283,217,151,3,2,131072,4,6,2,4,2,16,5,385,217,95,3,2,131072,4,5,4,4,18,3,151,0.738001958863859,0.7383003120662838,0.9526666666666667,0.9526513256961923,19,19,179,177,95,False,23,13,2,16.0,49.0,153,151,20,2,True,joint-d020,150,10,2
aligned,stages,0.5,0.2,0.0971832275390625,8,65,10,755,539,433,3,5,327680,4,10,5,6,6,46,8,904,539,400,3,5,327680,4,8,10,6,65,8,433,0.795543584720862,0.7971434934582019,0.9593333333333334,0.9592950525916819,20,20,465,460,400,False,60,53,6,32.0,,438,433,56,6,True,joint-d020,150,10,5
aligned,stages,0.5,0.2,0.03635692596435547,7,33,9,677,305,245,4,12,786432,5,9,9,4,5,35,7,824,305,210,4,12,786432,5,7,18,4,33,7,245,0.7761998041136141,0.7781695201252631,0.9753333333333334,0.975329375068622,18,18,279,270,212,False,37,30,4,32.0,19.0,254,245,34,4,True,joint-d020,150,10,9
aligned,stages,0.5,0.2,0.06311750411987305,9,73,11,1103,554,409,4,16,1048576,5,11,13,6,9,62,11,1385,554,283,4,16,1048576,6,11,26,6,73,9,409,0.7845249755142018,0.7859803287655655,0.9836666666666667,0.9836665196653436,34,34,467,454,304,False,65,44,6,32.0,,422,409,56,6,True,joint-d020,150,10,13
aligned,stages,0.5,0.2,0.034978389739990234,5,37,7,656,249,196,4,20,1310720,5,7,17,4,7,47,9,801,249,167,4,20,1310720,7,9,33,4,37,5,196,0.7340842311459354,0.735038752339847,0.983,0.9829995749893748,15,15,233,216,170,False,35,31,4,32.0,5.0,213,196,32,2,True,joint-d020,150,10,17
aligned,stages,0.5,0.2,0.054763078689575195,7,56,10,562,529,366,3,2,131072,4,10,2,6,4,31,7,712,529,286,3,2,131072,4,7,4,6,56,7,366,0.7331047992164544,0.7342942789802482,0.9526666666666667,0.9526513256961923,27,27,402,400,286,False,51,37,6,32.0,,368,366,46,6,True,joint-d020,250,10,2
aligned,stages,0.5,0.2,0.045363426208496094,8,53,10,599,467,321,3,5,327680,4,10,5,6,5,36,7,775,467,226,3,5,327680,4,7,10,6,53,8,321,0.7806072477962782,0.781587157714206,0.9673333333333334,0.9673332026661441,33,33,368,363,226,False,48,30,6,32.0,107.0,326,321,42,6,True,joint-d020,250,10,5
aligned,stages,0.5,0.2,0.06116914749145508,7,33,9,669,338,236,4,11,720896,5,9,9,4,5,34,7,891,338,158,4,11,720896,5,7,18,4,33,7,236,0.747796278158668,0.7489516723541754,0.9783333333333334,0.9783303838578029,42,42,296,287,185,False,39,27,4,32.0,35.0,245,236,33,4,True,joint-d020,250,10,9
aligned,stages,0.5,0.2,0.06805229187011719,5,25,7,407,169,128,4,16,1048576,5,7,13,4,6,37,8,548,169,100,4,16,1048576,6,8,26,4,25,5,128,0.7162095984329089,0.7113965508181033,0.978,0.9779988168252602,32,15,160,147,102,False,26,21,2,16.0,,141,128,22,2,True,joint-d020,250,10,13
aligned,stages,0.5,0.2,0.09421968460083008,5,33,7,444,170,134,4,20,1310720,5,7,17,4,7,44,9,563,170,111,4,20,1310720,7,9,33,4,33,5,134,0.7218413320274241,0.7216055192554608,0.9756666666666667,0.9756578791610437,20,13,167,150,115,True,27,22,2,16.0,,151,134,25,2,False,joint-d020,250,10,17
